grazer_spp.,box_label,animal_label,diet,shell_length_i,shell_length_w2,shell_length_w3,shell_length_f,imageJ_Li,imageJ_Lf,shell_width_i,imageJ_Wf,imageJ_Ai,imageJ_Af,wetmass_i,wetmass_2,wetmass_3,wetmass_f,wetmass_total_Wd,buoyant_Wi,buoyant_W2,buoyant_W3,buoyant_Wf,righting_time_1,righting_time_2,righting_attempts_final,terminal_wet_tissue_mass,terminal_gonad_wet_mass,terminal_nongonad_wet_mass,terminal_shell_wet_mass,tissue_sampled,terminal_dry_tissue_mass,terminal_gonad_dry_mass,terminal_nongonad_dry_mass,terminal_shell_dry_mass,terminal_total_dry_mass,est_total_dry_mass_i,est_tissue_dry_mass_i,est_non_gonad_dry_mass_i,est_gonad_dry_mass_i,est_shell_dry_mass_i,Water_Temp,treatment,Water_Temp
red abalone,1,neon pink 1 ,sargassum,50.33,NA,51.01,51.01,5.21,5.147,35.34,3.71,15.255,15.255,15.1615,16.7994,NA,15.9639,0.8024,3.43,3.43,NA,3.45,11,64,3,7.0993,3.0761,3.3821,5.2973,0.6411,1.4286,0.6215,0.8071,4.9634,7.8206,5.7999,1.3327,0.8559,0.7506,4.4676,14,4,14
red abalone,2,neon pink 2,macro,55.93,NA,57.43,57.95,5.884,5.889,37.8,4.182,18.662,19.662,24.2411,24.8592,NA,26.3605,2.1194,4.48,4.92,NA,4.97,9,65,NA,12.7833,4.7319,6.9734,7.3143,1.078,2.7076,0.9953,1.7123,6.9619,12.3771,8.9395,2.2192,1.4679,0.358,6.7207,14,2,14
red abalone,3,neon pink 3,starved,47.92,NA,49.17,49.21,5.012,4.954,33.42,3.552,13.895,13.734,14.7113,15.5916,NA,13.1428,-1.5685,2.9,2.84,NA,2.76,21,32,2,6.373,2.3919,3.3277,4.4471,0.6534,1.0146,0.3819,0.6327,4.2032,6.2324,4.4488,0.9513,0.5925,0.6423,3.4979,14,1,14
red abalone,4,neon pink 4,mixed,53.72,NA,54.91,55.24,5.575,5.64,36.66,4.163,17.694,18.54,22.9146,24.8263,NA,24.5965,1.6819,4.5,5,NA,4.98,9,28,2,10.5262,4.3843,5.0969,7.6448,1.045,2.1389,0.8522,1.2867,7.2922,11.57,7.7005,1.8693,1.2264,0.6183,5.8315,14,3,14
red abalone,5,neon pink 5,sargassum,53.23,NA,53.7,53.98,5.433,5.42,35.31,3.846,16.163,16.686,20.181,21.9944,NA,22.478,2.297,4,4.52,NA,4.56,7,27,2,9.7929,4.1854,4.8006,6.9955,0.8069,1.8824,0.7483,1.1341,6.6073,10.3721,7.4258,1.7918,1.1728,0.8874,5.6344,14,4,14
red abalone,6,neon pink 6,macro,58.72,NA,59.74,59.57,6.085,6.025,39.78,4.324,20.174,20.349,28.3177,30.938,NA,31.5212,3.2035,6.08,6.31,NA,6.25,8,43,3,14.691,5.5964,7.4997,9.442,1.5949,2.6439,1.0099,1.634,9.0408,14.3286,10.5037,2.6608,1.7728,0.8173,7.8432,14,2,14
red abalone,7,neon pink 7,starved,57.29,NA,57.47,57.48,5.893,5.826,38.36,4.081,19.11,19.046,26.1508,25.0952,NA,23.3714,-2.7794,5.15,4.99,NA,5.03,13,20,1,9.8223,4.1464,4.7596,7.8018,0.9163,1.655,0.6148,1.0402,7.3673,10.6773,9.702,2.4344,1.6165,0.434,7.2679,14,1,14
red abalone,8,neon pink 8,mixed,49.47,NA,50.26,51.52,5.077,5.217,33.39,3.807,14.355,15.675,16.7484,20.4931,NA,18.2292,1.4808,3.4,3.65,NA,3.75,16,47,2,9.3182,3.846,4.4586,5.6652,1.0136,1.8591,0.7601,1.099,5.2482,8.9664,5.3178,1.1966,0.7619,0.7094,4.1216,14,3,14
red abalone,9,neon pink 9,sargassum,55.09,NA,55.38,55.47,5.699,5.627,37.2,4.031,17.924,18.141,22.6227,25.6442,NA,25.7036,3.0809,4.94,4.9,NA,5,10,63,NA,10.0454,4.0788,4.9899,7.7653,0.9767,1.905,0.7488,1.1562,7.3279,11.1379,8.4685,2.0862,1.3761,0.7771,6.3827,14,4,14
red abalone,10,neon pink 10,macro,56.47,NA,57.24,57.49,5.756,5.821,36.42,4.028,17.298,18.599,24.808,27.6006,NA,29.492,4.684,4.89,5.21,NA,5.36,16,12,1,12.883,4.9239,6.762,8.0052,1.1971,2.5689,0.9891,1.5798,7.5982,12.736,9.2422,2.3046,1.5269,0.4551,6.9379,14,2,14
red abalone,11,neon pink 11,starved,49.9,NA,50.62,50.61,5.142,5.096,32.71,3.49,14.201,14.203,15.7696,14.4154,NA,15.4985,-0.2711,3.02,3.19,NA,3.18,9,27,2,7.1998,2.8309,3.6996,4.8528,0.6693,1.1603,0.4202,0.7401,4.6016,6.9222,5.5588,1.2647,0.8089,1.153,4.2946,14,1,14
red abalone,12,neon pink 12,mixed,64.14,NA,64.79,64.89,6.651,6.552,44.45,4.689,24.474,24.325,36.7812,38.2626,NA,40.0519,3.2707,7.12,7.44,NA,7.52,42,15,1,19.4263,7.4322,10.8087,10.8797,1.1854,3.8565,1.3198,2.5367,10.5264,18.2394,13.5423,3.5187,2.365,0.4933,10.0239,14,3,14
red abalone,13,neon pink 13,sargassum,50.68,NA,51.66,53.05,5.174,5.346,33.27,3.799,14.592,16.123,19.3961,20.1864,NA,19.924,0.5279,4.09,4.36,NA,4.29,8,104,NA,8.2549,3.5786,3.8143,6.907,0.862,1.6298,0.6873,0.9425,6.5538,9.8134,5.9961,1.3881,0.8941,0.4903,4.6084,14,4,14
red abalone,14,neon pink 14,macro,50.62,NA,51.71,52.43,5.236,5.307,34.6,3.79,15.308,16.226,20.107,20.5367,NA,21.0402,0.9332,3.954,4.35,NA,4.36,11,22,1,10.6441,4.3234,5.2557,6.5548,1.065,2.0441,0.8423,1.2018,6.2546,10.3428,5.9625,1.3786,0.8876,0.907,4.5843,14,2,14
red abalone,15,neon pink 15,starved,59.12,NA,59.36,59.27,6.124,6.048,40.11,4.267,20.658,20.539,26.8299,24.1462,NA,23.7946,-3.0353,5.46,5.43,NA,5.38,39,36,2,8.3931,3.7047,4.0133,8.4435,0.6751,1.4669,0.5573,0.9096,8.0677,11.0015,10.7279,2.7241,1.8165,0.8756,8.0041,14,1,14
red abalone,16,neon pink 16,mixed,58.48,NA,59.28,59.22,6.064,5.955,38.4,4.169,20.067,19.928,27.1319,28.6321,NA,24.3124,-2.8195,5.472,5.2,NA,5.44,35,18,1,11.0791,4.9987,4.9685,8.4292,1.1119,2.0516,0.8841,1.1675,8.0741,12.1773,10.3691,2.6228,1.7465,0.4781,7.7466,14,3,14
red abalone,17,neon pink 17,sargassum,50.37,NA,50.78,50.83,5.184,5.11,34.45,3.712,14.818,14.998,17.6084,18.6754,NA,18.3185,0.7101,3.597,3.77,NA,3.78,14,60,2,7.7984,3.2602,3.6577,5.7219,0.8805,1.4073,0.571,0.8363,5.4174,8.232,5.8223,1.3391,0.8603,0.6256,4.4837,14,4,14
red abalone,18,neon pink 18,macro,53.38,NA,54.53,54.97,5.524,5.511,36.79,3.997,16.367,17.495,21.6559,26.1664,NA,22.8732,1.2173,4.438,4.86,NA,4.89,22,26,1,10.5162,4.4642,4.6937,7.4364,1.3583,1.9537,0.8005,1.1532,7.1227,11.0301,7.5099,1.8155,1.1892,0.7491,5.6947,14,2,14
red abalone,19,neon pink 19,starved,55.9,NA,55.96,56.1,5.748,5.692,38.12,3.977,18.223,17.931,21.817,23.4055,NA,22.7432,0.9262,4.907,4.9,NA,4.86,10,38,2,8.6965,3.4084,4.5913,7.4569,0.6968,1.6319,0.5826,1.0493,7.115,10.3788,8.9227,2.2144,1.4646,0.5702,6.7086,14,1,14
red abalone,20,neon pink 20,mixed,52.25,NA,53.5,54.02,5.441,5.497,36.82,3.923,16.384,17.289,21.6848,23.4609,NA,22.8979,1.2131,4.08,4.33,NA,4.51,6,28,2,10.458,4.3184,5.1815,6.6012,0.9581,2.1823,0.8725,1.3098,6.3613,10.7259,6.8763,1.6367,1.0657,0.6742,5.2401,14,3,14
red abalone,21,neon pink 21,sargassum,54.37,NA,54.78,54.93,5.547,5.532,36.73,3.932,16.915,17.148,21.2547,23.3848,NA,23.0978,1.8431,4.307,4.33,NA,4.52,14,34,2,9.2118,3.8329,5.3789,6.8121,NA,2.072,0.7356,1.3364,6.532,10.676,8.0649,1.9722,1.2974,0.5247,6.093,14,4,14
red abalone,22,neon pink 22,macro,51.32,NA,52.05,52.49,5.226,5.303,34.82,3.749,14.775,15.763,17.7438,18.4063,NA,19.6431,1.8993,3.425,3.77,NA,3.84,95,20,1,9.4752,3.956,5.5192,5.6578,NA,2.2132,0.8006,1.4126,5.4206,9.847,6.3549,1.4894,0.9641,0.7643,4.8659,14,2,14
red abalone,23,neon pink 23,starved,56.21,NA,56.46,56.43,5.766,5.689,38.63,4.002,18.407,18.054,23.9223,23.2092,NA,20.9305,-2.9918,4.719,4.82,NA,4.76,7,76,4,7.3686,3.1984,4.1702,7.3539,NA,1.4742,0.4857,0.9885,7.0428,9.9912,9.0965,2.2635,1.4985,0.8045,6.8333,14,1,14
red abalone,24,neon pink 24,mixed,57.03,NA,57.38,57.7,5.835,5.817,39.82,4.284,19.143,19.457,23.5358,23.3071,NA,22.7375,-0.7983,4.424,4.74,NA,4.81,11,45,1,12.3445,4.3838,7.9607,7.0759,NA,2.6361,0.886,1.7501,6.7953,12.0675,9.5562,2.3933,1.5881,0.3673,7.1633,14,3,14
red abalone,25,neon pink 25,sargassum,48.11,NA,49.42,50.02,4.932,5.057,32.86,3.593,13.351,14.337,15.636,16.3375,NA,16.2841,0.6481,2.839,3,NA,3.07,7,21,1,8.4252,3.3202,5.105,4.5838,NA,1.6598,0.5979,1.0619,4.3895,7.7091,4.5553,0.9813,0.6133,0.6619,3.5744,14,4,14
red abalone,26,neon pink 26,macro,54.12,NA,55.18,55.63,5.641,5.697,36.81,4.023,17.064,18.054,21.5894,24.7386,NA,22.3641,0.7747,3.87,4.18,NA,4.22,11,16,1,11.6353,4.4299,7.2054,6.2826,NA,2.7212,0.973,1.7482,5.9257,11.3681,7.9247,1.9327,1.2701,0.8236,5.9924,14,2,14
red abalone,27,neon pink 27,starved,57.42,NA,58.17,58.11,5.967,5.854,38.47,4.045,19.296,18.927,23.3436,23.7491,NA,21.2968,-2.0468,4.6,4.56,NA,4.51,102,79,4,7.99,3.0928,4.8972,6.8718,NA,1.5497,0.4435,1.1062,6.6141,9.7135,9.7748,2.455,1.6307,0.6879,7.3202,14,1,14
red abalone,28,neon pink 28,mixed,54.65,NA,55.14,55.46,5.572,5.638,35.4,3.91,16.742,17.333,19.6012,21.6768,NA,23.6883,4.0871,4.245,4.45,NA,4.53,18,25,NA,11.2367,4.2811,6.9556,6.9814,NA,2.1439,0.8186,1.3253,6.5609,10.8487,8.2219,2.0165,1.328,0.7746,6.2057,14,3,14
red abalone,29,neon pink 29,sargassum,56.42,NA,56.92,57.18,5.776,5.758,38.24,4.092,18.491,18.742,23.7371,26.064,NA,28.7531,5.016,5.33,5.57,NA,5.66,10,37,2,11.7917,5.0119,6.7798,8.5755,NA,2.4669,0.9535,1.5134,8.2125,13.1463,9.2142,2.2967,1.5214,1.1177,6.9178,14,4,14
red abalone,30,neon pink 30,macro,63.42,NA,63.9,63.94,6.576,6.447,43.87,4.623,23.908,23.788,37.7935,35.5168,NA,38.1395,0.346,6.89,7.29,NA,7.44,11,27,1,15.9467,5.7434,10.2033,10.7098,NA,3.9795,1.1991,2.7804,10.3813,18.3403,13.1387,3.4048,2.2864,0.4423,9.7342,14,2,14
red abalone,31,neon pink 31,starved,49.64,NA,49.86,49.84,5.088,5.028,34.69,3.624,14.446,14.478,15.5653,15.7616,NA,13.0548,-2.5105,3.27,3.29,NA,3.36,46,240,4,5.6766,2.3144,3.3622,5.2892,NA,1.0725,0.3122,0.7603,4.9399,7.0849,5.4131,1.2235,0.7805,0.4707,4.19,14,1,14
red abalone,32,neon pink 32,mixed,50.22,NA,51.21,51.88,5.228,5.241,34.26,3.781,14.834,15.637,18.9138,19.8202,NA,19.421,0.5072,3.43,3.64,NA,3.79,9,34,1,10.5747,3.8067,6.768,5.5935,NA,2.1543,0.7507,1.4036,5.285,9.5936,5.7382,1.3153,0.8439,0.4663,4.4233,14,3,14
red abalone,33,neon pink 33,sargassum,50.13,NA,52.1,52.53,5.184,5.267,33.27,3.667,14.24,15.503,14.478,18.5672,NA,18.2879,3.8099,2.72,3.49,NA,3.53,6,13,1,7.5462,3.2903,4.2559,5.452,NA,1.6107,0.6498,0.9609,5.0604,8.2818,5.6878,1.3011,0.834,0.7339,4.3871,14,4,14
red abalone,34,neon pink 34,macro,55.59,NA,58.18,58.67,5.997,5.998,39.95,4.215,19.537,20.144,25.628,25.3205,NA,27.9027,2.2747,5.26,5.46,NA,5.52,9,46,2,12.4194,4.6502,7.7692,8.3081,NA,2.9605,0.9664,1.9941,7.7988,13.7198,8.7489,2.1653,1.4307,0.5202,6.5839,14,2,14
red abalone,35,neon pink 35,starved,51.23,NA,51.42,51.43,5.235,5.196,33.83,3.518,14.537,14.515,18.653,18.3489,NA,18.137,-0.516,3.54,3.67,NA,3.61,8,11,1,6.3296,2.4133,3.9163,5.5149,NA,1.4433,0.4904,0.9529,5.2453,8.1319,6.3045,1.4752,0.9542,0.6761,4.8297,14,1,14
red abalone,36,neon pink 36,mixed,54.41,NA,55.24,55.63,5.601,5.705,36.86,4.079,17.329,18.451,21.9916,25.078,NA,24.2495,2.2579,3.98,4.62,NA,4.77,12,25,1,11.728,4.335,7.393,7.0203,NA,2.6344,0.9221,1.7123,6.6968,11.9656,8.0873,1.9786,1.3018,0.7354,6.1091,14,3,14
red abalone,37,neon pink 37,sargassum,55.62,NA,56.46,56.8,5.748,5.799,41.04,4.252,19.55,19.964,23.5128,25.5466,NA,23.385,-0.1278,4.96,5.29,NA,5.27,10,24,1,9.781,4.0851,5.6959,8.003,NA,2.1825,0.7459,1.4366,7.6553,12.0203,8.7657,2.1701,1.434,0.5046,6.596,14,4,14
red abalone,38,neon pink 38,macro,50.91,NA,51.43,51.16,5.241,5.207,38.34,4.041,16.053,16.121,16.876,17.4649,NA,18.4656,1.5896,3.51,3.54,NA,3.56,15,30,NA,7.8921,3.1182,4.7739,5.3638,NA,1.6632,0.5168,1.1464,5.02,8.3464,6.1251,1.4245,0.9193,0.7487,4.7009,14,2,14
red abalone,39,neon pink 39,starved,55.89,NA,56.18,56.01,5.674,5.657,38.13,3.973,17.78,17.736,26.3703,25.4945,NA,21.9932,-4.3771,5.01,5,NA,4.95,21,20,1,8.2038,3.2216,4.9822,7.692,NA,1.8026,0.5949,1.2077,7.274,10.8792,8.9171,2.2128,1.4635,0.9952,6.7046,14,1,14
red abalone,40,neon pink 40,mixed,60.92,NA,61.66,62.02,6.285,6.253,40.97,4.4,21.502,21.878,30.3526,34.9836,NA,36.1412,5.7886,6.53,6.97,NA,7.05,16,35,NA,14.6631,5.9571,8.706,10.461,NA,3.5167,1.1914,2.3253,10.1349,17.1683,11.7371,3.009,2.0132,0.5869,8.7284,14,3,14
red abalone,41,neon pink 41,sargassum,52.59,NA,53.2,53.26,5.511,5.439,34.61,3.636,15.997,15.967,18.9588,20.7805,NA,18.3057,-0.6531,3.85,3.99,NA,3.97,25,10,1,9.1345,3.8385,5.296,6.0827,NA,1.7312,0.6648,1.0664,5.7622,9.2246,7.0669,1.6905,1.1029,0.5859,5.3769,14,4,14
red abalone,42,neon pink 42,macro,52.57,NA,53.01,53.4,5.333,5.374,34.27,3.793,15.297,16.099,19.2957,21.7564,NA,22.1331,2.8374,4.04,4.12,NA,4.38,26,38,NA,9.5064,3.7273,5.7791,6.5826,NA,2.2368,0.775,1.4618,6.1638,10.6374,7.0557,1.6873,1.1007,0.5673,5.3688,14,2,14
red abalone,43,neon pink 43,starved,52.19,NA,52.6,52.58,5.389,5.286,34.64,3.617,15.7,15.345,21.1806,20.3684,NA,19.8879,-1.2927,4.07,4.04,NA,4.05,10,42,2,7.2764,3.0876,4.1888,6.4134,NA,1.5079,0.5339,0.974,5.9647,8.9805,6.8427,1.6272,1.0592,0.8888,5.2159,14,1,14
red abalone,44,neon pink 44,mixed,58.75,NA,59.18,59.7,6.02,6.089,38.61,4.188,19.272,20.167,29.9514,27.4174,NA,30.8725,0.9211,5.46,5.95,NA,6.05,16,21,1,12.89,4.6797,8.2103,8.8915,NA,3.1387,1.0392,2.0995,8.5382,14.8156,10.5205,2.6655,1.776,0.5369,7.8553,14,3,14
red abalone,45,neon pink 45,sargassum,51.57,NA,52.18,52.63,5.3,5.277,36.42,3.834,15.627,16.043,20.4873,22.7747,NA,21.0697,0.5824,3.81,4.07,NA,3.98,15,53,3,8.877,3.5781,5.2989,6.3948,NA,2.1576,0.7802,1.3774,5.9988,10.314,6.4951,1.529,0.9914,0.7663,4.9665,14,4,14
red abalone,46,neon pink 46,macro,56.25,NA,56.96,57.44,5.816,5.797,37.33,4.091,17.897,18.667,27.141,28.1636,NA,30.0848,2.9438,4.66,5.11,NA,5.22,10,13,1,12.6059,4.7839,7.822,7.7508,NA,3.1644,1.0601,2.1043,7.3014,13.6302,9.1189,2.2698,1.5028,0.7384,6.8494,14,2,14
red abalone,47,neon pink 47,starved,55.68,NA,55.71,55.74,5.708,5.606,38.29,4.018,18.399,17.913,24.142,28.2838,NA,26.0331,1.8911,5.66,5.73,NA,5.69,12,53,3,9.7421,3.6193,6.1228,8.8685,NA,2.0318,0.6349,1.3969,8.3866,12.4502,8.7993,2.1796,1.4405,0.7732,6.6201,14,1,14
red abalone,48,neon pink 48,mixed,56.39,NA,57.05,57.27,5.795,5.819,39.37,4.268,18.856,19.617,23.9741,23.8734,NA,26.2665,2.2924,4.47,5.07,NA,5.21,8,36,2,11.6113,4.4568,7.1545,7.7393,NA,2.9694,1.0114,1.958,7.3022,13.241,9.1974,2.292,1.5181,0.6663,6.9058,14,3,14
red abalone,49,neon pink 49,sargassum,54.21,NA,54.22,54.42,5.637,5.466,37,3.822,16.785,16.622,23.0485,23.3214,NA,22.0935,-0.955,4.44,4.35,NA,4.55,24,23,1,9.3217,3.8657,5.456,6.8507,NA,1.9519,0.6964,1.2555,6.5942,10.498,7.9752,1.9469,1.2799,0.953,6.0287,14,4,14
red abalone,50,neon pink 50,macro,60.06,NA,60.6,60.94,6.18,6.185,41.63,4.406,21.259,21.619,30.4989,31.1112,NA,31.0808,0.5819,6.09,6.38,NA,6.51,32,32,2,14.2101,4.8412,9.3689,9.6132,NA,3.5595,1.0877,2.4718,9.1489,16.2679,11.2549,2.8729,1.9192,0.5207,8.3823,14,2,14
red abalone,51,neon pink 51,starved,51.24,NA,51.39,51.39,5.213,5.184,34,3.591,14.995,14.877,18.2367,16.5704,NA,16.1208,-2.1159,3.41,3.37,NA,3.54,10,62,2,6.1315,2.3598,3.7717,5.6952,NA,1.2898,0.4065,0.8833,5.4043,7.9839,6.3101,1.4768,0.9553,0.5482,4.8337,14,1,14
red abalone,52,neon pink 52,mixed,51.8,NA,52.15,52.23,5.34,5.29,36.33,3.713,15.632,15.448,18.3707,18.1782,NA,17.0925,-1.2782,3.63,3.63,NA,3.75,20,37,1,9.1831,3.6353,5.5478,5.7347,NA,1.6889,0.6306,1.0583,5.3683,8.7461,6.624,1.5654,1.0165,0.4972,5.059,14,3,14
red abalone,53,neon pink 53,sargassum,50.76,NA,51.3,52.1,5.19,5.21,34.02,3.658,14.645,15.292,18.4116,19.3415,NA,19.1033,0.6917,3.63,3.59,NA,3.76,33,37,2,8.6874,3.2208,5.4666,5.6708,NA,1.7337,0.614,1.1197,5.4156,8.883,6.041,1.4008,0.9029,0.7908,4.6406,14,4,14
red abalone,54,neon pink 54,macro,56.75,NA,56.74,57.2,5.801,5.797,37.98,4.131,18.236,19.06,27.4747,27.1146,NA,29.6407,2.166,5.06,5.32,NA,5.37,20,23,1,12.3869,5.2898,7.0971,8.0039,NA,2.8394,0.9748,1.8646,7.646,13.3248,9.3992,2.349,1.5575,0.6237,7.0506,14,2,14
red abalone,55,neon pink 55,starved,53.34,NA,53.73,53.62,5.409,5.391,36.33,3.875,16.409,16.193,18.9318,19.4254,NA,17.9763,-0.9555,3.93,3.94,NA,3.9,14,22,1,6.6494,2.8614,3.788,6.0193,NA,1.4201,0.5041,0.916,5.7306,8.5708,7.4874,1.8092,1.1848,0.6854,5.6786,14,1,14
red abalone,56,neon pink 56,mixed,54.6,NA,55.1,55.77,5.607,5.672,36.56,4.003,16.689,17.793,23.2481,26.9645,NA,25.6309,2.3828,4.68,4.98,NA,5.18,17,20,NA,10.3864,3.9718,6.4146,7.6768,NA,2.4979,0.8302,1.6677,7.3194,12.3152,8.1938,2.0086,1.3225,0.7937,6.1856,14,3,14
red abalone,57,neon pink 57,sargassum,56.81,NA,57.42,57.56,5.722,5.806,36.81,3.978,17.256,18.304,24.458,29.0398,NA,26.0114,1.5534,5.04,5.04,NA,5.18,40,46,4,12.3189,4.6822,7.6367,7.7403,NA,2.5985,0.9413,1.6572,7.413,12.61,9.4328,2.3585,1.564,0.5541,7.0747,14,4,14
red abalone,58,neon pink 58,macro,51.92,NA,52.49,52.58,5.31,5.31,35.59,3.826,15.735,15.966,17.1779,17.7515,NA,17.5471,0.3692,3.57,3.73,NA,3.67,16,54,3,8.0467,3.0536,4.9931,5.6211,NA,1.79,0.6298,1.1602,5.2816,8.8616,6.6913,1.5844,1.0296,0.68,5.1073,14,2,14
red abalone,59,neon pink 59,starved,54.49,NA,54.6,54.57,5.61,5.485,38.96,4.078,17.926,17.557,22.023,21.7289,NA,18.5984,-3.4246,4.4,4.44,NA,4.42,9,27,2,7.354,3.009,4.345,6.9366,NA,1.4183,0.4164,1.0019,6.5371,9.3737,8.1322,1.9912,1.3105,0.8722,6.1413,14,1,14
red abalone,60,neon pink 60,mixed,58.41,NA,58.95,59.69,6.096,6.106,41.5,4.312,20.713,20.905,25.4404,27.5776,NA,28.0244,2.584,5.25,5.58,NA,5.58,52,21,1,12.4905,4.7432,7.7473,8.2174,NA,2.9866,0.9541,2.0325,7.9687,13.9419,10.3299,2.6117,1.7389,0.8134,7.7185,14,3,14
red abalone,61,neon pink 61,sargassum,57.21,NA,57.89,58.49,5.849,5.922,39.59,4.309,19.269,20.444,25.8811,28.581,NA,30.503,4.6219,5.04,5.48,NA,5.54,6,37,1,12.7788,4.9514,7.8274,8.4967,NA,2.5675,0.9391,1.6284,8.0423,13.1773,9.6571,2.4218,1.6077,1.0619,7.2357,14,4,14
red abalone,62,neon pink 62,macro,62.28,NA,62.89,62.93,6.472,6.357,42.28,4.403,22.368,21.961,29.4862,31.4414,NA,33.219,3.7328,5.17,6.26,NA,6.29,12,11,1,13.8685,5.2665,8.602,9.3458,NA,3.3707,1.1174,2.2533,8.9648,15.7062,12.4995,3.2243,2.1618,0.6928,9.2755,14,2,14
red abalone,63,neon pink 63,starved,54.75,NA,54.9,54.8,NA,5.57,38.83,4.049,NA,17.498,20.3674,20.3107,NA,18.484,-1.8834,4.13,4.14,NA,4.08,7,16,1,7.2739,2.9265,4.3474,6.2569,NA,1.5869,0.4983,1.0886,5.9755,9.1493,8.2779,2.0324,1.3389,0.6761,6.2459,14,1,14
red abalone,64,neon pink 64,mixed,54.41,NA,55.15,55.86,5.595,5.715,38.36,4.15,17.454,18.555,18.8695,24.5665,NA,21.6669,2.7974,4.97,5.29,NA,5.32,11,118,2,10.3079,3.8372,6.4707,8.1778,NA,2.2645,0.8436,1.4209,7.7982,12.3272,8.0873,1.9786,1.3018,0.9874,6.1091,14,3,14
red abalone,65,neon pink 65,sargassum,60.76,NA,61.18,61.17,6.302,6.22,43.33,4.548,22.397,22.047,27.813,33.7917,NA,27.6148,-0.1982,5.88,6.12,NA,5.57,15,15,1,13.4506,5.3449,8.1057,9.2519,NA,2.9243,1.022,1.9023,8.7876,14.6362,11.6474,2.9837,1.9957,0.634,8.664,14,4,14
red abalone,66,neon pink 66,macro,53.55,NA,54.94,55.75,5.518,5.649,36.41,3.964,16.721,18.177,21.6926,23.506,NA,23.3176,1.625,4.91,5.32,NA,5.47,7,16,1,10.3603,4.1383,6.222,8.1043,NA,2.5393,0.8804,1.6589,7.8106,12.8892,7.6052,1.8424,1.2078,0.5212,5.7631,14,2,14
red abalone,67,neon pink 67,starved,51.25,NA,51.49,51.51,5.27,5.138,34.63,3.595,15.231,14.909,NA,18.5205,NA,17.479,NA,NA,3.65,NA,3.58,11,23,1,6.3736,2.816,3.5576,5.6197,NA,1.2834,0.4042,0.8792,5.3698,7.9366,6.3157,1.4784,0.9564,0.4732,4.8377,14,1,14
red abalone,68,neon pink 68,mixed,50.27,NA,50.62,50.86,5.147,5.22,33.56,3.671,14.453,15.201,19.5081,18.2554,NA,20.4861,0.978,3.63,3.93,NA,3.97,12,10,1,8.7068,3.9073,4.7995,6.0424,NA,1.9564,0.8018,1.1546,5.7242,9.637,5.7663,1.3232,0.8493,0.9976,4.4434,14,3,14
red abalone,69,neon pink 69,sargassum,60.97,NA,61.58,61.96,6.242,6.295,44.08,4.572,21.912,22.907,33.3548,32.8824,NA,34.2064,0.8516,5.88,6.31,NA,6.38,16,45,2,12.7207,4.9651,7.7556,9.6537,NA,2.9363,0.99,1.9463,9.2139,15.0865,11.7651,3.0169,2.0186,1.2354,8.7485,14,4,14
red abalone,70,neon pink 70,macro,65.82,NA,66.86,67.4,6.797,6.877,45.41,4.859,25.299,26.4,38.2594,43.9231,NA,43.7788,5.5194,7.51,7.97,NA,7.67,30,62,NA,18.9904,7.1918,11.7986,11.742,NA,4.7061,1.5548,3.1513,11.2767,20.6889,14.4842,3.7846,2.5486,0.9133,10.6998,14,2,14
red abalone,71,neon pink 71,starved,59.25,NA,59.25,59.25,6.078,5.992,41.44,4.335,20.679,20.228,28.5608,26.9264,NA,26.9258,-1.635,5.49,5.44,NA,5.41,16,26,1,10.1993,4.0514,6.1479,8.2326,NA,2.0613,0.5834,1.4779,7.9258,12.0484,10.8008,2.7447,1.8307,0.7668,8.0564,14,1,14
red abalone,72,neon pink 72,mixed,56.26,NA,56.66,57.65,5.772,5.816,37.55,4.124,18.126,18.797,23.806,27.2054,NA,26.5955,2.7895,5,5.3,NA,5.47,9,12,1,13.3483,5.303,8.0453,8.343,NA,2.9474,1.0523,1.8951,7.9006,13.7954,9.1245,2.2714,1.5039,0.7928,6.8534,14,3,14
red abalone,73,neon pink 73,sargassum,56.79,NA,59.38,59.69,5.989,6.036,40.18,4.304,20.115,20.729,27.7284,27.3525,NA,27.2939,-0.4345,4.79,5.6,NA,5.32,21,30,1,12.9763,5.0427,7.9336,8.5031,NA,2.9707,0.9899,1.9808,8.1561,14.0975,9.4216,2.3553,1.5618,0.9109,7.0667,14,4,14
red abalone,74,neon pink 74,macro,59.2,NA,59.5,59.71,6.046,6.077,38.4,4.213,19.079,20.252,28.6704,33.1313,NA,30.289,1.6186,        ,6.18,NA,6.31,66,31,1,13.7094,4.799,8.9104,9.4309,NA,3.4502,1.094,2.3562,8.9122,15.8126,10.7728,2.7368,1.8252,0.9589,8.0363,14,2,14
red abalone,75,neon pink 75,starved,60.18,NA,60.33,60.33,6.196,6.107,40.77,4.234,20.806,20.228,27.9694,25.9278,NA,25.37,-2.5994,5.32,5.29,NA,5.26,21,22,1,10.5205,3.9358,6.5847,7.9696,NA,1.9849,0.6531,1.3318,7.7117,11.6815,11.3222,2.8919,1.9323,0.5006,8.4306,14,1,14
red abalone,76,neon pink 76,mixed,50.83,NA,51.43,51.71,5.252,5.27,35.92,3.925,15.68,16.285,16.9347,20.585,NA,20.0358,3.1011,3.37,3.71,NA,3.79,8,29,2,7.1062,2.6272,4.479,5.7579,NA,1.702,0.5415,1.1605,5.4309,8.8349,6.0802,1.4119,0.9105,0.5541,4.6687,14,3,14
red abalone,77,neon pink 77,sargassum,51.92,NA,52.25,52.81,5.337,5.345,35.45,3.746,15.42,15.822,19.0943,20.0134,NA,19.9656,0.8713,3.57,3.57,NA,3.59,5,67,4,9.7462,3.9154,5.8308,5.7027,NA,1.6714,0.6018,1.0696,5.3725,8.7153,6.6913,1.5844,1.0296,0.6389,5.1073,14,4,14
red abalone,78,neon pink 78,macro,53.65,NA,54.16,54.41,5.472,5.537,35.99,3.911,16.276,17.047,20.7129,21.3849,NA,21.4896,0.7767,4.01,4.02,NA,4.19,36,34,1,11.1983,4.1121,7.0862,6.645,NA,2.0404,0.7335,1.3069,5.9869,10.0677,7.6612,1.8583,1.2187,1.0579,5.8033,14,2,14
red abalone,79,neon pink 79,starved,62.2,NA,62.19,62.25,6.386,6.339,44.22,4.533,22.803,22.735,32.9349,33.2183,NA,29.746,-3.1889,6.17,6.14,NA,6.12,54,25,2,11.1665,4.1049,7.0616,9.2643,NA,2.5993,0.8188,1.7805,8.8869,14.0855,12.4547,3.2116,2.153,0.5526,9.2433,14,1,14
red abalone,80,neon pink 80,mixed,51.89,NA,52.12,52.6,5.211,5.314,33.06,3.636,13.764,15.359,19.0115,21.1105,NA,20.2066,1.1951,3.74,3.6,NA,3.86,11,38,2,8.3053,3.4156,4.8897,5.8844,NA,1.9522,0.7571,1.1951,5.5936,9.498,6.6745,1.5797,1.0264,-1.5207,5.0952,14,3,14
tegula,129,neon yellow 29,sargassum,9.59,9.85,10.37,10.24,NA,NA,NA,NA,NA,NA,0.6756,0.7165,0.7482,0.782,0.1064,0.2767,0.3309,0.3596,0.3689,NA,NA,NA,0.1396,NA,NA,NA,NA,0.0428,NA,NA,0.5796,0.652374,0.652374,0.03122312,NA,NA,0.62116736,14,4,14
tegula,130,neon yellow 30,macro,6.49,5.64,6.32,6.39,NA,NA,NA,NA,NA,NA,0.1646,0.181,0.1975,0.2001,0.0355,0.0563,0.0837,0.095,0.0953,NA,NA,NA,0.0486,NA,NA,NA,NA,0.0102,NA,NA,0.1521,0.1813265,0.1813265,0.01404057,NA,NA,0.16729471,14,2,14
tegula,131,neon yellow 31,starved,9.82,9.54,10.19,9.96,NA,NA,NA,NA,NA,NA,0.7909,0.7759,0.7717,0.8321,0.0412,0.3381,0.3739,0.3842,0.3812,NA,NA,NA,0.1663,NA,NA,NA,NA,0.0315,NA,NA,0.606,0.6375,0.618116,0.02997348,NA,NA,0.58815844,14,1,14
tegula,132,neon yellow 32,mixed,5.99,6.41,7.12,6.75,NA,NA,NA,NA,NA,NA,0.2122,0.2499,0.2639,0.2864,0.0742,0.0895,0.1085,0.1244,0.1284,NA,NA,NA,0.0513,NA,NA,NA,NA,0.0173,NA,NA,0.1961,0.2134,0.2253725,0.01564725,NA,NA,0.20973475,14,3,14
tegula,133,neon yellow 33,sargassum,9.53,9.16,10.15,9.85,NA,NA,NA,NA,NA,NA,0.6443,0.7152,0.7372,0.7817,0.1374,0.266,0.3327,0.3766,0.3902,NA,NA,NA,0.1657,NA,NA,NA,NA,0.0351,NA,NA,0.6118,0.6469,0.6046575,0.02948255,NA,NA,0.57519065,14,4,14
tegula,134,neon yellow 34,macro,7.22,7.34,7.68,7.8,NA,NA,NA,NA,NA,NA,0.2631,0.2871,0.3078,0.335,0.0719,0.0776,0.1358,0.1485,0.1527,NA,NA,NA,0.0562,NA,NA,NA,NA,0.017,NA,NA,0.2453,0.2623,0.35384,0.0203334,NA,NA,0.3335182,14,2,14
tegula,135,neon yellow 35,starved,8.83,8.72,8.94,8.78,NA,NA,NA,NA,NA,NA,0.5178,0.5201,0.5095,0.5299,0.0121,0.2305,0.2293,0.258,0.2563,NA,NA,NA,0.0933,NA,NA,NA,NA,0.0261,NA,NA,0.4155,0.4416,0.473743,0.02470714,NA,NA,0.44904942,14,1,14
tegula,136,neon yellow 36,mixed,9.13,9.53,10.46,10.04,NA,NA,NA,NA,NA,NA,0.6279,0.7286,0.7852,0.846,0.2181,0.251,0.3235,0.3867,0.4114,NA,NA,NA,0.1435,NA,NA,NA,NA,0.0375,NA,NA,0.6585,0.696,0.627904,0.03033052,NA,NA,0.59758956,14,3,14
tegula,137,neon yellow 37,sargassum,5.66,5.93,6.55,6.88,NA,NA,NA,NA,NA,NA,0.1578,0.1753,0.1882,0.2139,0.0561,0.06,0.0708,0.0901,0.0928,NA,NA,NA,0.0491,NA,NA,NA,NA,0.0084,NA,NA,0.1444,0.1528,0.241278,0.01622744,NA,NA,0.22506032,14,4,14
tegula,138,neon yellow 38,macro,6.36,5.48,6.53,6.95,NA,NA,NA,NA,NA,NA,0.1741,0.206,0.2277,0.2434,0.0693,0.0614,0.0927,0.1196,0.1144,NA,NA,NA,0.0417,NA,NA,NA,NA,0.0122,NA,NA,0.1821,0.1943,0.2498425,0.01653985,NA,NA,0.23331255,14,2,14
tegula,139,neon yellow 39,starved,6.83,7.16,7.16,6.93,NA,NA,NA,NA,NA,NA,0.2862,0.3025,0.292,0.3058,0.0196,0.1257,0.1422,0.1474,0.1456,NA,NA,NA,0.0381,NA,NA,NA,NA,0.0088,NA,NA,0.237,0.2458,0.2473955,0.01645059,NA,NA,0.23095477,14,1,14
tegula,140,neon yellow 40,mixed,9.31,10.19,9.92,10.13,NA,NA,NA,NA,NA,NA,0.6763,0.7495,0.7747,0.7984,0.1221,0.3232,0.3555,0.3499,0.3906,NA,NA,NA,0.1432,NA,NA,NA,NA,0.0456,NA,NA,0.6007,0.6463,0.6389155,0.03073219,NA,NA,0.60819957,14,3,14
tegula,141,neon yellow 41,sargassum,8.17,8.16,9.08,9.02,NA,NA,NA,NA,NA,NA,0.3923,0.458,0.5001,0.5528,0.1605,0.1678,0.2188,0.2471,0.2607,NA,NA,NA,0.1392,NA,NA,NA,NA,0.0329,NA,NA,0.4053,0.4382,0.503107,0.02577826,NA,NA,0.47734278,14,4,14
tegula,142,neon yellow 42,macro,7.2,7.34,7.78,7.36,NA,NA,NA,NA,NA,NA,0.3015,0.3213,0.3362,0.3566,0.0551,0.1186,0.1403,0.1638,0.1664,NA,NA,NA,0.0563,NA,NA,NA,NA,0.0153,NA,NA,0.2647,0.28,0.300006,0.01836968,NA,NA,0.28164704,14,2,14
tegula,143,neon yellow 43,starved,7.5,6.46,6.95,6.81,NA,NA,NA,NA,NA,NA,0.2608,0.2704,0.2658,0.2829,0.0221,0.095,0.1216,0.1377,0.1348,NA,NA,NA,0.0547,NA,NA,NA,NA,0.0231,NA,NA,0.2013,0.2244,0.2327135,0.01591503,NA,NA,0.21680809,14,1,14
tegula,144,neon yellow 44,mixed,8.53,8.54,8.64,8.74,NA,NA,NA,NA,NA,NA,0.395,0.4579,0.4823,0.5135,0.1185,0.1457,0.2043,0.2341,0.248,NA,NA,NA,0.0973,NA,NA,NA,NA,0.0279,NA,NA,0.3827,0.4106,0.468849,0.02452862,NA,NA,0.44433386,14,3,14
tegula,145,neon yellow 45,sargassum,8.34,8.81,9.26,8.8,NA,NA,NA,NA,NA,NA,0.5052,0.5098,0.548,0.5843,0.0791,0.1953,0.2156,0.2628,0.2722,NA,NA,NA,0.1187,NA,NA,NA,NA,0.0291,NA,NA,0.4317,0.4608,0.47619,0.0247964,NA,NA,0.4514072,14,4,14
tegula,146,neon yellow 46,macro,8.42,8.46,9.39,8.98,NA,NA,NA,NA,NA,NA,0.4824,0.5164,0.5565,0.5766,0.0942,0.1971,0.2416,0.2792,0.2921,NA,NA,NA,0.1122,NA,NA,NA,NA,0.0262,NA,NA,0.4606,0.4868,0.498213,0.02559974,NA,NA,0.47262722,14,2,14
tegula,147,neon yellow 47,starved,7.44,7.79,8.26,7.56,NA,NA,NA,NA,NA,NA,0.4018,0.424,0.4199,0.4516,0.0498,0.174,0.2027,0.2117,0.2083,NA,NA,NA,0.0913,NA,NA,NA,NA,0.0243,NA,NA,0.3165,0.3408,0.324476,0.01926228,NA,NA,0.30522484,14,1,14
tegula,148,neon yellow 48,mixed,7.41,7.91,8.47,8.1,NA,NA,NA,NA,NA,NA,0.3189,0.3834,0.4184,0.4474,0.1285,0.1324,0.1632,0.21,0.2124,NA,NA,NA,0.0988,NA,NA,NA,NA,0.0253,NA,NA,0.3417,0.367,0.390545,0.0216723,NA,NA,0.3688849,14,3,14
tegula,149,neon yellow 49,sargassum,6.99,7.33,8,7.9,NA,NA,NA,NA,NA,NA,0.2498,0.3158,0.3474,0.3742,0.1244,0.1084,0.1408,0.171,0.1837,NA,NA,NA,0.0865,NA,NA,NA,NA,0.0241,NA,NA,0.2845,0.3086,0.366075,0.0207797,NA,NA,0.3453071,14,4,14
tegula,150,neon yellow 50,macro,6.75,6.81,7.67,7.69,NA,NA,NA,NA,NA,NA,0.3174,0.3404,0.3654,0.3881,0.0707,0.1229,0.1588,0.1828,0.1904,NA,NA,NA,0.0723,NA,NA,NA,NA,0.0202,NA,NA,0.3031,0.3233,0.3403815,0.01984247,NA,NA,0.32055041,14,2,14
tegula,151,neon yellow 51,starved,6.46,5.53,6.59,6.63,NA,NA,NA,NA,NA,NA,0.2016,0.2171,0.2184,0.2325,0.0309,0.0776,0.1018,0.1105,0.1105,NA,NA,NA,0.0356,NA,NA,NA,NA,0.0092,NA,NA,0.1728,0.182,0.2106905,0.01511169,NA,NA,0.19558807,14,1,14
tegula,152,neon yellow 52,mixed,6.4,6.06,7.24,6.82,NA,NA,NA,NA,NA,NA,0.1927,0.2308,0.2496,0.2726,0.0799,0.0613,0.1054,0.1279,0.1267,NA,NA,NA,0.0644,NA,NA,NA,NA,0.0172,NA,NA,0.1976,0.2148,0.233937,0.01595966,NA,NA,0.21798698,14,3,14
tegula,153,neon yellow 53,sargassum,6.7,7.01,7.48,7.66,NA,NA,NA,NA,NA,NA,0.315,0.3283,0.3399,0.3699,0.0549,0.1245,0.1422,0.1642,0.1664,NA,NA,NA,0.0732,NA,NA,NA,NA,0.021,NA,NA,0.2647,0.2857,0.336711,0.01970858,NA,NA,0.31701374,14,4,14
tegula,154,neon yellow 54,macro,9.65,9.11,9.95,9.64,NA,NA,NA,NA,NA,NA,0.6614,0.6925,0.7293,0.7626,0.1012,0.2979,0.3407,0.3593,0.3698,NA,NA,NA,0.1487,NA,NA,NA,NA,0.038,NA,NA,0.5828,0.6208,0.578964,0.02854532,NA,NA,0.55043396,14,2,14
tegula,155,neon yellow 55,starved,5.23,5.68,5.69,6.02,NA,NA,NA,NA,NA,NA,0.151,0.1581,0.1615,0.17,0.019,0.0527,0.0566,0.0801,0.0812,NA,NA,NA,0.0298,NA,NA,NA,NA,0.008,NA,NA,0.1245,0.1325,0.136057,0.01238926,NA,NA,0.12367578,14,1,14
tegula,156,neon yellow 56,mixed,7.13,7.71,7.99,8.17,NA,NA,NA,NA,NA,NA,0.3016,0.3672,0.393,0.4127,0.1111,0.1276,0.1771,0.1882,0.1992,NA,NA,NA,0.0989,NA,NA,NA,NA,0.0232,NA,NA,0.3064,0.3296,0.3991095,0.02198471,NA,NA,0.37713713,14,3,14
tegula,157,neon yellow 57,sargassum,7.03,7.55,7.9,7.88,NA,NA,NA,NA,NA,NA,0.2865,0.3468,0.3766,0.402,0.1155,0.1078,0.1523,0.1752,0.1925,NA,NA,NA,0.0841,NA,NA,NA,NA,0.0246,NA,NA,0.2924,0.317,0.363628,0.02069044,NA,NA,0.34294932,14,4,14
tegula,158,neon yellow 58,macro,8.69,9.16,9.99,9.58,NA,NA,NA,NA,NA,NA,0.5907,0.6372,0.6625,0.6931,0.1024,0.2669,0.3095,0.3297,0.3346,NA,NA,NA,0.1101,NA,NA,NA,NA,0.0348,NA,NA,0.53,0.5648,0.571623,0.02827754,NA,NA,0.54336062,14,2,14
tegula,159,neon yellow 59,starved,9.51,9.38,9.66,9.47,NA,NA,NA,NA,NA,NA,0.501,0.5207,0.5163,0.5424,0.0414,0.2338,0.2592,0.2622,0.2605,NA,NA,NA,0.0865,NA,NA,NA,NA,0.0197,NA,NA,0.4129,0.4326,0.5581645,0.02778661,NA,NA,0.53039283,14,1,14
tegula,160,neon yellow 60,mixed,8.03,8.53,8.95,9.13,NA,NA,NA,NA,NA,NA,0.406,0.4884,0.5408,0.5651,0.1591,0.182,0.2305,0.2559,0.2826,NA,NA,NA,0.1136,NA,NA,NA,NA,0.0238,NA,NA,0.4412,0.465,0.5165655,0.02626919,NA,NA,0.49031057,14,3,14
tegula,161,neon yellow 61,sargassum,9.01,9.69,10.16,10.11,NA,NA,NA,NA,NA,NA,0.6106,0.704,0.7451,0.8012,0.1906,0.2741,0.3084,0.3294,0.3845,NA,NA,NA,0.1526,NA,NA,NA,NA,0.0469,NA,NA,0.6028,0.6497,0.6364685,0.03064293,NA,NA,0.60584179,14,4,14
tegula,162,neon yellow 62,macro,5.97,5.91,6.72,6.21,NA,NA,NA,NA,NA,NA,0.1826,0.2072,0.2222,0.2346,0.052,0.0563,0.0946,0.1085,0.1091,NA,NA,NA,0.0498,NA,NA,NA,NA,0.0166,NA,NA,0.1666,0.1832,0.1593035,0.01323723,NA,NA,0.14607469,14,2,14
tegula,163,neon yellow 63,starved,7.6,7.91,8.16,7.55,NA,NA,NA,NA,NA,NA,0.36,0.397,0.3958,0.4166,0.0566,0.1495,0.1919,0.1971,0.1961,NA,NA,NA,0.0638,NA,NA,NA,NA,0.0146,NA,NA,0.3196,0.3342,0.3232525,0.01921765,NA,NA,0.30404595,14,1,14
tegula,164,neon yellow 64,mixed,7.29,6.79,8.32,8.15,NA,NA,NA,NA,NA,NA,0.3274,0.3851,0.419,0.4474,0.12,0.1254,0.1878,0.21,0.212,NA,NA,NA,0.0872,NA,NA,NA,NA,0.0208,NA,NA,0.3388,0.3596,0.3966625,0.02189545,NA,NA,0.37477935,14,3,14
tegula,165,neon yellow 65,sargassum,6.85,7.23,7.74,7.34,NA,NA,NA,NA,NA,NA,0.2811,0.3083,0.3261,0.3512,0.0701,0.1027,0.1415,0.1659,0.1711,NA,NA,NA,0.0635,NA,NA,NA,NA,0.0167,NA,NA,0.273,0.2897,0.297559,0.01828042,NA,NA,0.27928926,14,4,14
tegula,166,neon yellow 66,macro,7.06,7.18,7.59,7.38,NA,NA,NA,NA,NA,NA,0.3008,0.3267,0.3295,0.3462,0.0454,0.1425,0.1556,0.1538,0.1587,NA,NA,NA,0.0635,NA,NA,NA,NA,0.0137,NA,NA,0.2652,0.2789,0.302453,0.01845894,NA,NA,0.28400482,14,2,14
tegula,167,neon yellow 67,starved,8.27,8.11,8.5,8.46,NA,NA,NA,NA,NA,NA,0.3608,0.3892,0.3776,0.4018,0.041,0.1115,0.1881,0.1905,0.189,NA,NA,NA,0.0876,NA,NA,NA,NA,0.034,NA,NA,0.2726,0.3066,0.434591,0.02327898,NA,NA,0.41132494,14,1,14
tegula,168,neon yellow 68,mixed,7.44,7.83,8.19,8.55,NA,NA,NA,NA,NA,NA,0.3179,0.378,0.3994,0.4252,0.1073,0.1506,0.1553,0.1935,0.1998,NA,NA,NA,0.0884,NA,NA,NA,NA,0.0237,NA,NA,0.3179,0.3416,0.4456025,0.02368065,NA,NA,0.42193495,14,3,14
tegula,169,neon yellow 69,sargassum,8.33,8.67,9.39,8.98,NA,NA,NA,NA,NA,NA,0.4972,0.5842,0.6152,0.6659,0.1687,0.1946,0.238,0.2941,0.3068,NA,NA,NA,0.1225,NA,NA,NA,NA,0.0313,NA,NA,0.4857,0.517,0.498213,0.02559974,NA,NA,0.47262722,14,4,14
tegula,170,neon yellow 70,macro,6.65,6.53,6.89,6.73,NA,NA,NA,NA,NA,NA,0.2348,0.2509,0.2672,0.2848,0.05,0.0861,0.1098,0.1267,0.1277,NA,NA,NA,0.059,NA,NA,NA,NA,0.0142,NA,NA,0.2049,0.2191,0.2229255,0.01555799,NA,NA,0.20737697,14,2,14
tegula,171,neon yellow 71,starved,6.51,6.99,7.24,7.29,NA,NA,NA,NA,NA,NA,0.2489,0.2505,0.2469,0.2642,0.0153,0.1083,0.1191,0.124,0.1213,NA,NA,NA,0.0461,NA,NA,NA,NA,0.0097,NA,NA,0.1975,0.2072,0.2914415,0.01805727,NA,NA,0.27339481,14,1,14
tegula,172,neon yellow 72,mixed,8.94,8.92,9.89,9.99,NA,NA,NA,NA,NA,NA,0.4918,0.5868,0.628,0.6838,0.192,0.2374,0.2708,0.3139,0.334,NA,NA,NA,0.1372,NA,NA,NA,NA,0.0344,NA,NA,0.522,0.5564,0.6217865,0.03010737,NA,NA,0.59169511,14,3,14
tegula,173,neon yellow 73,sargassum,6.13,6.76,7.57,7.43,NA,NA,NA,NA,NA,NA,0.2333,0.2931,0.315,0.3367,0.1034,0.0908,0.1149,0.1423,0.1628,NA,NA,NA,0.0751,NA,NA,NA,NA,0.02,NA,NA,0.2568,0.2768,0.3085705,0.01868209,NA,NA,0.28989927,14,4,14
tegula,174,neon yellow 74,macro,7.03,6.19,7.78,7.7,NA,NA,NA,NA,NA,NA,0.286,0.3249,0.3508,0.3603,0.0743,0.1204,0.144,0.1738,0.18,NA,NA,NA,0.0663,NA,NA,NA,NA,0.0168,NA,NA,0.2887,0.3055,0.341605,0.0198871,NA,NA,0.3217293,14,2,14
tegula,175,neon yellow 75,starved,8.67,8.92,8.82,8.63,NA,NA,NA,NA,NA,NA,0.5494,0.5726,0.5504,0.5685,0.0191,0.2415,0.2643,0.2656,0.2672,NA,NA,NA,0.1208,NA,NA,NA,NA,0.0237,NA,NA,0.4244,0.4481,0.4553905,0.02403769,NA,NA,0.43136607,14,1,14
tegula,176,neon yellow 76,mixed,6.02,5.91,6.6,6.89,NA,NA,NA,NA,NA,NA,0.194,0.2172,0.2393,0.2633,0.0693,0.0814,0.0965,0.1207,0.1218,NA,NA,NA,0.0606,NA,NA,NA,NA,0.0156,NA,NA,0.1965,0.2121,0.2425015,0.01627207,NA,NA,0.22623921,14,3,14
tegula,177,neon yellow 77,sargassum,8.37,8.61,8.96,8.29,NA,NA,NA,NA,NA,NA,0.437,0.4846,0.5026,0.5261,0.0891,0.1518,0.1985,0.2445,0.2522,NA,NA,NA,0.1037,NA,NA,NA,NA,0.0269,NA,NA,0.3997,0.4266,0.4137915,0.02252027,NA,NA,0.39128381,14,4,14
tegula,178,neon yellow 78,macro,8.04,7.74,8.47,8.36,NA,NA,NA,NA,NA,NA,0.3671,0.4123,0.4214,0.4343,0.0672,0.1714,0.1962,0.2109,0.2119,NA,NA,NA,0.0801,NA,NA,NA,NA,0.0167,NA,NA,0.3284,0.3451,0.422356,0.02283268,NA,NA,0.39953604,14,2,14
tegula,179,neon yellow 79,starved,6.33,6.18,6.61,6.14,NA,NA,NA,NA,NA,NA,0.2089,0.2252,0.2278,0.2337,0.0248,NA,0.1116,0.1149,0.1119,NA,NA,NA,0.0468,NA,NA,NA,NA,0.0174,NA,NA,0.1703,0.1877,0.150739,0.01292482,NA,NA,0.13782246,14,1,14
tegula,180,neon yellow 80,mixed,7.07,6.89,7.72,7.85,NA,NA,NA,NA,NA,NA,0.2753,0.3005,0.325,0.3573,0.082,0.1205,0.137,0.1586,0.1634,NA,NA,NA,0.0734,NA,NA,NA,NA,0.0215,NA,NA,0.2604,0.2819,0.3599575,0.02055655,NA,NA,0.33941265,14,3,14
tegula,181,neon yellow 81,sargassum,8.06,8.17,8.73,9.25,NA,NA,NA,NA,NA,NA,0.4082,0.4899,0.5264,0.5924,0.1842,0.1966,0.2284,0.2626,0.2741,NA,NA,NA,0.1081,NA,NA,NA,NA,0.0251,NA,NA,0.4366,0.4617,0.5312475,0.02680475,NA,NA,0.50445725,14,4,14
tegula,182,neon yellow 82,macro,7.95,8.08,8.83,8.49,NA,NA,NA,NA,NA,NA,0.4405,0.4821,0.5122,0.5277,0.0872,0.18,0.2231,0.2422,0.2453,NA,NA,NA,0.1162,NA,NA,NA,NA,0.0312,NA,NA,0.3912,0.4224,0.4382615,0.02341287,NA,NA,0.41486161,14,2,14
tegula,183,neon yellow 83,starved,7.78,7.7,8.2,8.04,NA,NA,NA,NA,NA,NA,0.3516,0.3733,0.361,0.3789,0.0273,0.145,0.1789,0.1818,0.1808,NA,NA,NA,0.0655,NA,NA,NA,NA,0.0139,NA,NA,0.2905,0.3044,0.383204,0.02140452,NA,NA,0.36181156,14,1,14
tegula,184,neon yellow 84,mixed,8.97,8.5,10.01,9.69,NA,NA,NA,NA,NA,NA,0.512,0.5959,0.646,0.7091,0.1971,0.2461,0.2911,0.33,0.3252,NA,NA,NA,0.1556,NA,NA,NA,NA,0.03,NA,NA,0.5336,0.5636,0.5850815,0.02876847,NA,NA,0.55632841,14,3,14
tegula,185,neon yellow 85,sargassum,6.98,7.78,8.18,7.74,NA,NA,NA,NA,NA,NA,0.3259,0.3653,0.3938,0.4141,0.0882,0.1502,0.1566,0.1889,0.1967,NA,NA,NA,0.0962,NA,NA,NA,NA,0.0272,NA,NA,0.2948,0.322,0.346499,0.02006562,NA,NA,0.32644486,14,4,14
tegula,186,neon yellow 86,macro,6.31,5.92,6.24,6.32,NA,NA,NA,NA,NA,NA,0.184,0.1954,0.1986,0.2088,0.0248,0.0854,0.0733,0.0965,0.0977,NA,NA,NA,0.033,NA,NA,NA,NA,0.0092,NA,NA,0.1602,0.1694,0.172762,0.01372816,NA,NA,0.15904248,14,2,14
tegula,187,neon yellow 87,starved,5.94,6.46,6.55,6.83,NA,NA,NA,NA,NA,NA,0.2234,0.2355,0.238,0.2543,0.0309,0.1106,0.0998,0.1179,0.1147,NA,NA,NA,0.0485,NA,NA,NA,NA,0.0144,NA,NA,0.1804,0.1948,0.2351605,0.01600429,NA,NA,0.21916587,14,1,14
tegula,188,neon yellow 88,mixed,7.75,8.79,9.42,8.63,NA,NA,NA,NA,NA,NA,0.4277,0.5147,0.554,0.6187,0.191,0.2011,0.2378,0.2731,0.3047,NA,NA,NA,0.1262,NA,NA,NA,NA,0.0359,NA,NA,0.4572,0.4931,0.4553905,0.02403769,NA,NA,0.43136607,14,3,14
tegula,189,neon yellow 89,sargassum,7.39,7.86,8.6,8.49,NA,NA,NA,NA,NA,NA,0.3612,0.4196,0.4558,0.491,0.1298,0.1575,0.192,0.2309,0.2415,NA,NA,NA,0.0961,NA,NA,NA,NA,0.0241,NA,NA,0.3807,0.4048,0.4382615,0.02341287,NA,NA,0.41486161,14,4,14
tegula,190,neon yellow 90,macro,8.41,8.42,9.36,9.08,NA,NA,NA,NA,NA,NA,0.5389,0.5866,0.611,0.6189,0.08,0.249,0.2846,0.3144,0.3107,NA,NA,NA,0.1282,NA,NA,NA,NA,0.0298,NA,NA,0.4908,0.5206,0.510448,0.02604604,NA,NA,0.48441612,14,2,14
tegula,191,neon yellow 91,starved,7.88,8.61,8.82,8.45,NA,NA,NA,NA,NA,NA,0.4661,0.497,0.4933,0.5222,0.0561,0.2052,0.2244,0.2542,0.2491,NA,NA,NA,0.0808,NA,NA,NA,NA,0.0184,NA,NA,0.3986,0.417,0.4333675,0.02323435,NA,NA,0.41014605,14,1,14
tegula,192,neon yellow 92,mixed,7.41,7.63,7.47,8.12,NA,NA,NA,NA,NA,NA,0.3142,0.3613,0.3945,0.4188,0.1046,0.1142,0.1444,0.1777,0.1879,NA,NA,NA,0.1072,NA,NA,NA,NA,0.0319,NA,NA,0.2826,0.3145,0.392992,0.02176156,NA,NA,0.37124268,14,3,14
tegula,193,neon yellow 93,sargassum,9.45,10.08,10.31,9.96,NA,NA,NA,NA,NA,NA,0.6421,0.6845,0.7151,0.7463,0.1042,0.2841,0.3057,0.3427,0.3501,NA,NA,NA,0.1385,NA,NA,NA,NA,0.0338,NA,NA,0.5399,0.5737,0.618116,0.02997348,NA,NA,0.58815844,14,4,14
tegula,194,neon yellow 94,macro,7.81,7.36,8.3,7.56,NA,NA,NA,NA,NA,NA,0.3915,0.4122,0.4388,0.4619,0.0704,0.1779,0.1882,0.2261,0.2175,NA,NA,NA,0.0981,NA,NA,NA,NA,0.0277,NA,NA,0.3297,0.3574,0.324476,0.01926228,NA,NA,0.30522484,14,2,14
tegula,195,neon yellow 95,starved,6.35,7.11,7.13,7.34,NA,NA,NA,NA,NA,NA,0.2499,0.2727,0.2717,0.2816,0.0317,0.1028,0.1241,0.1372,0.134,NA,NA,NA,0.0477,NA,NA,NA,NA,0.0101,NA,NA,0.2195,0.2296,0.297559,0.01828042,NA,NA,0.27928926,14,1,14
tegula,196,neon yellow 96,mixed,7.88,7.82,8.71,8,NA,NA,NA,NA,NA,NA,0.3779,0.4339,0.4596,0.5041,0.1262,0.1845,0.2136,0.23,0.2179,NA,NA,NA,0.0875,NA,NA,NA,NA,0.0253,NA,NA,0.3715,0.3968,0.37831,0.021226,NA,NA,0.357096,14,3,14
tegula,197,neon yellow 97,sargassum,6.74,6.95,7.44,7.15,NA,NA,NA,NA,NA,NA,0.2528,0.287,0.3068,0.3179,0.0651,0.1107,0.1411,0.1543,0.1557,NA,NA,NA,0.0636,NA,NA,NA,NA,0.0162,NA,NA,0.2453,0.2615,0.2743125,0.01743245,NA,NA,0.25689035,14,4,14
tegula,198,neon yellow 98,macro,7.81,8.02,8.61,8.27,NA,NA,NA,NA,NA,NA,0.4467,0.4621,0.4915,0.5119,0.0652,0.212,0.2168,0.2452,0.253,NA,NA,NA,0.1016,NA,NA,NA,NA,0.0283,NA,NA,0.3999,0.4282,0.4113445,0.02243101,NA,NA,0.38892603,14,2,14
tegula,199,neon yellow 99,starved,8.66,8.39,8.46,8.31,NA,NA,NA,NA,NA,NA,0.4711,0.475,0.4652,0.4899,0.0188,0.2197,0.2377,0.24,0.2382,NA,NA,NA,0.0822,NA,NA,NA,NA,0.0164,NA,NA,0.3816,0.398,0.4162385,0.02260953,NA,NA,0.39364159,14,1,14
tegula,200,neon yellow 100,mixed,7.12,7.64,7.69,7.45,NA,NA,NA,NA,NA,NA,0.3002,0.3502,0.3732,0.4003,0.1001,0.1061,0.1482,0.1714,0.1821,NA,NA,NA,0.1075,NA,NA,NA,NA,0.0348,NA,NA,0.2776,0.3124,0.3110175,0.01877135,NA,NA,0.29225705,14,3,14
tegula,201,neon yellow 101,sargassum,9.12,9.95,10.35,10.49,NA,NA,NA,NA,NA,NA,0.6469,0.7255,0.7671,0.8265,0.1796,0.2782,0.3258,0.3836,0.3933,NA,NA,NA,0.1951,NA,NA,NA,NA,0.0417,NA,NA,0.6208,0.6625,0.6829615,0.03233887,NA,NA,0.65063961,14,4,14
tegula,202,neon yellow 102,macro,7.1,6.56,7.35,7.48,NA,NA,NA,NA,NA,NA,0.2548,0.2898,0.3143,0.3446,0.0898,0.1054,0.1267,0.1517,0.1612,NA,NA,NA,0.0587,NA,NA,NA,NA,0.0134,NA,NA,0.246,0.2594,0.314688,0.01890524,NA,NA,0.29579372,14,2,14
tegula,203,neon yellow 103,starved,7.67,7.96,7.73,7.68,NA,NA,NA,NA,NA,NA,0.3559,0.3607,0.3568,0.3809,0.025,0.1595,0.1598,0.1782,0.176,NA,NA,NA,0.0708,NA,NA,NA,NA,0.0244,NA,NA,0.2714,0.2958,0.339158,0.01979784,NA,NA,0.31937152,14,1,14
tegula,204,neon yellow 104,mixed,7.3,8.17,9.19,9.14,NA,NA,NA,NA,NA,NA,0.504,0.5715,0.6219,0.6758,0.1718,0.1936,0.2672,0.29,0.3074,NA,NA,NA,0.1379,NA,NA,NA,NA,0.0355,NA,NA,0.4907,0.5262,0.517789,0.02631382,NA,NA,0.49148946,14,3,14
tegula,205,neon yellow 105,sargassum,5.77,6.66,7.14,7.4,NA,NA,NA,NA,NA,NA,0.192,0.2416,0.2663,0.2874,0.0954,0.0673,0.1014,0.1269,0.1359,NA,NA,NA,0.0621,NA,NA,NA,NA,0.0179,NA,NA,0.2101,0.228,0.3049,0.0185482,NA,NA,0.2863626,14,4,14
tegula,206,neon yellow 106,macro,7.95,7.93,8.62,8.04,NA,NA,NA,NA,NA,NA,0.3899,0.4413,0.4693,0.5056,0.1157,0.1118,0.2107,0.2294,0.2364,NA,NA,NA,0.1032,NA,NA,NA,NA,0.0255,NA,NA,0.3734,0.3989,0.383204,0.02140452,NA,NA,0.36181156,14,2,14
tegula,207,neon yellow 107,starved,8.97,8.88,9.16,9.49,NA,NA,NA,NA,NA,NA,0.5115,0.5207,0.519,0.5343,0.0228,0.2173,0.2269,0.2486,0.2551,NA,NA,NA,0.0916,NA,NA,NA,NA,0.0229,NA,NA,0.3898,0.4127,0.5606115,0.02787587,NA,NA,0.53275061,14,1,14
tegula,208,neon yellow 108,mixed,8.93,8.9,9.75,9.43,NA,NA,NA,NA,NA,NA,0.5203,0.5733,0.6042,0.6332,0.1129,0.2488,0.2825,0.2972,0.3108,NA,NA,NA,0.1509,NA,NA,NA,NA,0.0346,NA,NA,0.4894,0.524,0.5532705,0.02760809,NA,NA,0.52567727,14,3,14